User Id,User Name,Email,Address,Mobile,Date Added,User Profile Link,Booster Purchased
11963,frank tommy,gurkirat.singh+demo2854646460@bridgingtech.com,7812 sfxxhtlkkr,8666666666,06/22/2025,https://testadmin.coolcredit.com/users/view/11963,Yes
11959,frank lexxco,gurkirat.singh+demo25587150@bridgingtech.com,7812 sfxxhtlkkr,8456213546,06/20/2025,https://testadmin.coolcredit.com/users/view/11959,Yes
11904,frank lexxco,gurkirat.singh+demo26652660@bridgingtech.com,7812 sfxxhtlkkr,8456462132,06/15/2025,https://testadmin.coolcredit.com/users/view/11904,Yes
11901,frank lexxco,gurkirat.singh+new5464646@bridgingtech.com,7812 sfxxhtlkkr,8464564645,06/15/2025,https://testadmin.coolcredit.com/users/view/11901,Yes
11123,frank LLEEXO,kajal+2teswwwwwwwst@bridgingtech.com,7812 SFXXHTLKKR,9877776363,02/14/2025,https://testadmin.coolcredit.com/users/view/11123,Yes
11110,FRANK user,himani.tyagi+82222qqq22fgf222297@bridgingtech.com,7812SFXXHTLKKR,9058745696,02/14/2025,https://testadmin.coolcredit.com/users/view/11110,Yes
11085,frank llexxo,rahul.dev+13feb2025+scorefetch@bridgingtech.com,7812 sfxxhtlkkr,9895692165,02/12/2025,https://testadmin.coolcredit.com/users/view/11085,Yes
10599,frank lleexxo,rahul.dev+14nov2024+demo1@bridgingtech.com,7812 sfxxhtlkkr,9562229522,11/13/2024,https://testadmin.coolcredit.com/users/view/10599,Yes
10502,Frank Lleexxo,rahul.dev+hellossn@bridgingtech.com,7812 sfxxhtlkkr,9568686858,10/16/2024,https://testadmin.coolcredit.com/users/view/10502,Yes
10498,frank lleexo,rahul.dev+16oct2024+settingschanged@bridgingtech.com,7812 sfxxhtlkkr,9626256311,10/16/2024,https://testadmin.coolcredit.com/users/view/10498,Yes
10396,franksssss LLEEXO,kajal+454ee@bridgingtech.com,7812,9555555400,10/10/2024,https://testadmin.coolcredit.com/users/view/10396,Yes
10341,FRANKly LLEEXO,kajal+6422238@bridgingtech.com,7812 SFXXHTLKKR,9741485477,10/09/2024,https://testadmin.coolcredit.com/users/view/10341,Yes
10318,FRANKkj LLEEXO,kajal+74@bridgingtech.com,7812 SFXXHTLKKR,9444444525,10/09/2024,https://testadmin.coolcredit.com/users/view/10318,Yes
10257,frank LLEEXO,kajal+161616@bridgingtech.com,7812 SFXXHTLKKR,8455151616,10/06/2024,https://testadmin.coolcredit.com/users/view/10257,Yes
10231,FRANKfcfcf LLEEXO,kajal+8999ddd9sdddddss999@bridgingtech.com,7812 SFXXHTLKKR,9058784514,10/04/2024,https://testadmin.coolcredit.com/users/view/10231,Yes
10224,FRANKnl LLEEXO,kajal+denefitsplan@bridgingtech.com,7812 SFXXHTLKKR,9878522211,10/04/2024,https://testadmin.coolcredit.com/users/view/10224,Yes
10220,FRANKn LLEEXO,kajal+userprofile123@bridgingtech.com,7812 SFXXHTLKKR,9878555522,10/03/2024,https://testadmin.coolcredit.com/users/view/10220,Yes
10213,franklee LLEEXO,kajal+7854@bridgingtech.com,7812 SFXXHTLKKR,8485454152,10/03/2024,https://testadmin.coolcredit.com/users/view/10213,Yes
10095,FRANKle LLEEXO,kajal+60001@bridgingtech.com,7812 SFXXHTLKKR,6060606001,09/29/2024,https://testadmin.coolcredit.com/users/view/10095,Yes
10024,user LLEEXO,himani.tyagi+87455555555@bridgingtech.com,noida 12345,9058741512,09/23/2024,https://testadmin.coolcredit.com/users/view/10024,Yes
10005,FRANK LLEEXO,sumit.singh+Lastgurkirat7700044@bridgingtech.com,7812 SFXXHTLKKR,7700000044,09/20/2024,https://testadmin.coolcredit.com/users/view/10005,Yes
9988,FRANK LLEEXO,himani.tyagi+822qDDDDDqq2222dx2297@bridgingtech.com,7812SFXXHTLKKR,9058745111,09/18/2024,https://testadmin.coolcredit.com/users/view/9988,Yes
9975,FRANK LLEEXO,himani.tyagi+822qqq2222dx2297@bridgingtech.com,7812SFXXHTLKKR,5874444577,09/17/2024,https://testadmin.coolcredit.com/users/view/9975,Yes
9970,FRANK LLEEXO,sumit.singh+18sepweb7700038@bridgingtech.com,7812 SFXXHTLKKR,7700000038,09/17/2024,https://testadmin.coolcredit.com/users/view/9970,Yes
9950,frank tommy,gurkirat.singh+demo85494841@bridgingtech.com,7812 sfxxhtlkkr,5848496496,09/16/2024,https://testadmin.coolcredit.com/users/view/9950,Yes
9938,FRANK LLEEXO,sumit.singh+16sep20247700031@bridgingtech.com,7812 SFXXHTLKKR,7700000031,09/16/2024,https://testadmin.coolcredit.com/users/view/9938,Yes
9905,frank lleexo,rahul.dev+13sept2024+demolink@bridgingtech.com,7812 sfxxhtlkkr,2626220626,09/13/2024,https://testadmin.coolcredit.com/users/view/9905,Yes
9898,FRANK LLEEXO,sumit.singh+13sep77000022@bridgingtech.com,7812 SFXXHTLKKR,7700000022,09/13/2024,https://testadmin.coolcredit.com/users/view/9898,Yes
9895,Sumit  LLEEXO,sumit.singh+13sepopencbc@bridgingtech.com,7812 SFXXHTLKKR,7700000020,09/13/2024,https://testadmin.coolcredit.com/users/view/9895,Yes
9861,Frank Lleexo,Sumit.Singh+sanitycredee12sepres@bridgingtech.com,7812 sfxxhtlkkr,6600000107,09/11/2024,https://testadmin.coolcredit.com/users/view/9861,Yes
9857,FRANK LLEEXO,himani.tyagi+822qqq22qqqqq222297@bridgingtech.com,7812SFXXHTLKKR,9058745555,09/11/2024,https://testadmin.coolcredit.com/users/view/9857,Yes
9843,FRANK LLEEXO,sumit.singh+Bundlescore11sep@bridgingtech.com,7812 SFXXHTLKKR,6600000097,09/11/2024,https://testadmin.coolcredit.com/users/view/9843,Yes
9838,frank tommy,gurkirat.singh+demo44684845454418@bridgingtech.com,7812 sfxxhtlkkr,9948484848,09/11/2024,https://testadmin.coolcredit.com/users/view/9838,Yes
9826,frank lleexo,gurkirat.singh+demo7@bridgingtech.com,18000 East 81st Avenue,8778784748,09/10/2024,https://testadmin.coolcredit.com/users/view/9826,Yes
9824,wefewfw tommy,gurkirat.singh+demo8979798@bridgingtech.com,18000 East 81st Avenue,7897987899,09/10/2024,https://testadmin.coolcredit.com/users/view/9824,Yes
9809,FRANK LLEEXO,kajal+196000000000@bridgingtech.com,7812 SFXXHTLKKR,9877417417,09/10/2024,https://testadmin.coolcredit.com/users/view/9809,Yes
9763,FRANK LLEEXO,himani.tyagi+822qqq2222ddddd2297@bridgingtech.com,7812SFXXHTLKKR,9058487122,09/09/2024,https://testadmin.coolcredit.com/users/view/9763,Yes
9734,FRANK LLEEXO,sumit.singh+6serwebsss@bridgingtech.com,7812 SFXXHTLKKR,6600000084,09/06/2024,https://testadmin.coolcredit.com/users/view/9734,Yes
9732,FRANK LLEEXO,sumit.singh+demo6600082@bridgingtech.com,7812 SFXXHTLKKR,6600000082,09/06/2024,https://testadmin.coolcredit.com/users/view/9732,Yes
9707,FRANK LLEEXO,sumit.singh+openlinks6sep660075@bridgingtech.com,7812 SFXXHTLKKR,6600000075,09/05/2024,https://testadmin.coolcredit.com/users/view/9707,Yes
9698,FRANK LLEEXO,sumit.singh+open660073links@bridgingtech.com,7812 SFXXHTLKKR,6600000073,09/05/2024,https://testadmin.coolcredit.com/users/view/9698,Yes
9690,FRANK LLEEXO,shivam.tiwari+787878@bridgingtech.com,7812 SFXXHTLKKR,4558788778,09/05/2024,https://testadmin.coolcredit.com/users/view/9690,Yes
9684,FRANK LLEEXO,Sudhir.kumar+25rw3@bridgingtech.com,7812,9085846328,09/05/2024,https://testadmin.coolcredit.com/users/view/9684,Yes
9681,frank llexo,sudhir.kumar+526test@bridgingtech.com,7812 SFXXHTLKKR,9649864646,09/05/2024,https://testadmin.coolcredit.com/users/view/9681,Yes
9669,FRANK LLEEXO,Sudhir.kumar+5sp@bridgingtech.com,7812,9085484725,09/04/2024,https://testadmin.coolcredit.com/users/view/9669,Yes
9655,FRANK LLEEXO,Sudhir.kumar+41lkjhg@bridgingtech.com,7812,8545456754,09/04/2024,https://testadmin.coolcredit.com/users/view/9655,Yes
9651,frank lleexxo,rahul.dev+04sept2024+hello@bridgingtech.com,7812 sfxxhtlkkr,2695292295,09/03/2024,https://testadmin.coolcredit.com/users/view/9651,Yes
9623,FRANK LLEEXO,sumit.singh+demodene3sepweb@bridgingtech.com,7812 SFXXHTLKKR,6600000052,09/03/2024,https://testadmin.coolcredit.com/users/view/9623,Yes
9580,frank lleexo,rahul.dev+30aug2024+cbchello@bridgingtech.com,7812 sfxxhtlkkr,5410252015,08/30/2024,https://testadmin.coolcredit.com/users/view/9580,Yes
9575,wefewfw tommy,gurkirat.singh+demo9595959595@bridgingtech.com,18000 East 81st Avenue,8856498794,08/29/2024,https://testadmin.coolcredit.com/users/view/9575,Yes
9573,FRANK LLEEXO,himani.tyagi+8sdfsfsfd9777@bridgingtech.com,noida 12345,9058478545,08/29/2024,https://testadmin.coolcredit.com/users/view/9573,Yes
9564,FRANK LLEEXO,himani.tyagi+89DDDDDDDDDDDD777@bridgingtech.com,noida 12345,9058745222,08/29/2024,https://testadmin.coolcredit.com/users/view/9564,Yes
9555,FRANK LLEEXO,kajal+477742@bridgingtech.com,7812 SFXXHTLKKR,4777777775,08/29/2024,https://testadmin.coolcredit.com/users/view/9555,Yes
9550,frank LLEEXO ,kajal+333033@bridgingtech.com,7812 SFXXHTLKKR,3666666663,08/28/2024,https://testadmin.coolcredit.com/users/view/9550,Yes
9545,wefewfw tommy,gurkirat.singh+demo545959878@bridgingtech.com,18000 East 81st Avenue,5174984848,08/28/2024,https://testadmin.coolcredit.com/users/view/9545,Yes
9544,Frank llexo,rohit.kumar+29august01@bridgingtech.com,7812 SFXXHTLLKR,4545454542,08/28/2024,https://testadmin.coolcredit.com/users/view/9544,Yes
9533,FRANK LLEEXO,sumit.singh+plancheck08aug@bridgingtech.com,7812 SFXXHTLKKR,6600000031,08/28/2024,https://testadmin.coolcredit.com/users/view/9533,Yes
9515,FRANK LLEEXO,sumit.singh+democredee28aug66028@bridgingtech.com,7812 SFXXHTLKKR,6600000028,08/27/2024,https://testadmin.coolcredit.com/users/view/9515,Yes
9497,FRANK LLEEXO,sumit.singh+27aug66021@bridgingtech.com,7812 SFXXHTLKKR,6600000021,08/27/2024,https://testadmin.coolcredit.com/users/view/9497,Yes
9461,FRANK LLEEXO,sumit.singh+Credee22aug@bridgingtech.com,7812 SFXXHTLKKR,6600000007,08/22/2024,https://testadmin.coolcredit.com/users/view/9461,Yes
9443,FRANK one,himani.tyagi+89cfdgdhfhf777@bridgingtech.com,7812SFXXHTLKKR,9058998852,08/21/2024,https://testadmin.coolcredit.com/users/view/9443,Yes
9425,FRANK LLEEXO,himani.tyagi+8dfgdfgdf97@bridgingtech.com,noida 12345,9058745780,08/19/2024,https://testadmin.coolcredit.com/users/view/9425,Yes
9424,FRANK LLEEXO,himani.tyagi+89saqwwssssst5557@bridgingtech.com,noida 12345,9058754146,08/19/2024,https://testadmin.coolcredit.com/users/view/9424,Yes
9369,Frank Lleexo,Sudhir.kumar+728lwkj@bridgingtech.com,7812 sfxxhtlkkr,9797968411,08/13/2024,https://testadmin.coolcredit.com/users/view/9369,Yes
9362,FRANK LLEEXO,sumit.singh+13Denefitsweb@bridgingtech.com,7812 SFXXHTLKKR,7700000008,08/13/2024,https://testadmin.coolcredit.com/users/view/9362,Yes
9355,FRANK LLEEXO,sumit.singh+13augdene07@bridgingtech.com,7812 SFXXHTLKKR,7700000007,08/12/2024,https://testadmin.coolcredit.com/users/view/9355,Yes
9344,wefewfw tommy,gurkirat.singh+demo8854245112@bridgingtech.com,18000 East 81st Avenue,8421315897,08/12/2024,https://testadmin.coolcredit.com/users/view/9344,Yes
9343,wefewfw tommy,gurkirat.singh+demo88456646464987979@bridgingtech.com,18000 East 81st Avenue,6565687848,08/12/2024,https://testadmin.coolcredit.com/users/view/9343,Yes
9342,wefewfw tommy,gurkirat.singh+demo66656555656565@bridgingtech.com,18000 East 81st Avenue,6667676765,08/12/2024,https://testadmin.coolcredit.com/users/view/9342,Yes
9339,Frank Lleexo,Sumit.Singh+denfits12aug@bridgingtech.com,7812 sfxxhtlkkr,7700000001,08/11/2024,https://testadmin.coolcredit.com/users/view/9339,Yes
9305,FRANK LLEEXO,sonam.singh+8aug@bridgingtech.com,7812 SFXXHTLKKR DR APT,8799845445,08/07/2024,https://testadmin.coolcredit.com/users/view/9305,Yes
9299,wefewfw tommy,gurkirat.singh+demo0009@bridgingtech.com,18000 East 81st Avenue,5005550009,08/07/2024,https://testadmin.coolcredit.com/users/view/9299,Yes
9291,Sonam LLEEXO,sonam.singh+JSDGFJG@bridgingtech.com,16500 Bake Pkwy,9058745212,08/07/2024,https://testadmin.coolcredit.com/users/view/9291,Yes
9265,FRANK LLEEXO,himani.tyagi+89adewEWREWQ7@bridgingtech.com,noida 12345,9058546987,08/07/2024,https://testadmin.coolcredit.com/users/view/9265,Yes
9258,frank lleexo,rahul.dev+07aug24+subscriptonbooster@bridgingtech.com,7812 sfxxhrlkkr,8360281458,08/07/2024,https://testadmin.coolcredit.com/users/view/9258,Yes
9194,Frank Lleexo,rahul.dev+06aug2024+stripe@bridgingtech.com,7812 sfxxhtlkkr,8950866696,08/05/2024,https://testadmin.coolcredit.com/users/view/9194,Yes
9163,FRANK LLEEXO,himani.tyagi+89srfewerwew7@bridgingtech.com,noida 12345,9058484200,08/02/2024,https://testadmin.coolcredit.com/users/view/9163,Yes
9134,FRANK LLEEXO,sumit.singh+Openbundle@bridgingtech.com,7812 SFXXHTLKKR,8887774448,08/01/2024,https://testadmin.coolcredit.com/users/view/9134,Yes
9099,FRANK LLEEXO,himani.tyagi+89sdtsertrsyreyr7@bridgingtech.com,noida 12345,2587412344,07/30/2024,https://testadmin.coolcredit.com/users/view/9099,Yes
6462,FRANK LLEEXO,sumit.singh+26junedoc@bridgingtech.com,7812 SFXXHTLKKR,7778880023,06/25/2024,https://testadmin.coolcredit.com/users/view/6462,Yes
6101,frank lleexo,gurkirat.singh+4646894948@bridgingtech.com,7812 sfxxhtlkkr,8995949894,05/22/2024,https://testadmin.coolcredit.com/users/view/6101,Yes
5950,FRANK LLEEXO,himani.tyagi+89aaaaa7@bridgingtech.com,noida 12345,5874123699,05/14/2024,https://testadmin.coolcredit.com/users/view/5950,Yes
